Timestamp,Headers,Data,Status
2019-02-24 19:32:56,"{'Referer': 'https://google.com', 'X-Forwarded-For': '47.29.76.109', 'User-Agent': 'Mozilla/5.0 (Linux; Android 7.1.1; CPH1723 Build/N6F26Q; wv) AppleWebKit/537.36 (KHTML, like Gecko) Version/4.0 Chrome/67.0.3396.87 Mobile Safari/537.36'}","Username                         abcd
Password                       abcdef
Email       afdfddsgdsgddgdg@qqqq.com
Birth                            1992
Gender                           male
State                               2
checked                            NO
Name: 0, dtype: object",Successful
2019-02-24 19:32:56,"{'X-Forwarded-For': '47.29.76.239', 'User-Agent': 'Mozilla/5.0 (Linux; Android 7.1.1; CPH1723 Build/N6F26Q; wv) AppleWebKit/537.36 (KHTML, like Gecko) Version/4.0 Chrome/67.0.3396.87 Mobile Safari/537.36'}","Username                      defgh
Password                   wrteqteq
Email       hduash989s8a0@afffs.com
Birth                          1984
Gender                       female
State                            33
checked                         YES
Name: 1, dtype: object",Successful
2019-02-24 19:39:29,"{'Referer': 'https://google.com', 'X-Forwarded-For': '47.29.76.109', 'User-Agent': 'Mozilla/5.0 (Linux; Android 7.1.1; CPH1723 Build/N6F26Q; wv) AppleWebKit/537.36 (KHTML, like Gecko) Version/4.0 Chrome/67.0.3396.87 Mobile Safari/537.36'}","Username                         abcd
Password                       abcdef
Email       afdfddsgdsgddgdg@qqqq.com
Birth                            1992
Gender                           male
State                               2
checked                            NO
Name: 0, dtype: object",Successful
2019-02-24 19:39:29,"{'Referer': 'https://yahoo.com', 'X-Forwarded-For': '47.29.76.239', 'User-Agent': 'Mozilla/5.0 (Linux; Android 7.1.1; CPH1723 Build/N6F26Q; wv) AppleWebKit/537.36 (KHTML, like Gecko) Version/4.0 Chrome/67.0.3396.87 Mobile Safari/537.36'}","Username                      defgh
Password                   wrteqteq
Email       hduash989s8a0@afffs.com
Birth                          1984
Gender                       female
State                            33
checked                         YES
Name: 1, dtype: object",Successful
2019-02-24 19:39:29,"{'Referer': 'https://google.com', 'X-Forwarded-For': '47.29.30.157', 'User-Agent': 'Mozilla/5.0 (Linux; Android 7.0; SM-J701F Build/NRD90M; wv) AppleWebKit/537.36 (KHTML, like Gecko) Version/4.0 Chrome/67.0.3396.87 Mobile Safari/537.36'}","Username                  gfsah
Password            wt425trefsg
Email       asafs.sadasd@qq.com
Birth                      1985
Gender                     male
State                         4
checked                      NO
Name: 2, dtype: object",Successful
2019-02-24 19:39:29,"{'Referer': 'https://yahoo.com', 'X-Forwarded-For': '42.106.0.185', 'User-Agent': 'Mozilla/5.0 (Linux; U; Android 4.2.2; en-us; iBall_Andi4.5_Ripple Build/JDQ39) AppleWebKit/534.30 (KHTML, like Gecko) Version/4.0 Mobile Safari/534.30'}","Username                     ewtqe
Password               wdgsagrwqt3
Email       afsfsf@dfdsfeafe22.com
Birth                         1959
Gender                      female
State                           10
checked                         NO
Name: 3, dtype: object",Successful
