Timestamp,Headers,Data,Status
2019-02-24 18:47:44,"{'Referer': 'https://google.com', 'X-Forwarded-For': '47.29.76.109', 'User-Agent': 'Mozilla/5.0 (Linux; Android 7.1.1; CPH1723 Build/N6F26Q; wv) AppleWebKit/537.36 (KHTML, like Gecko) Version/4.0 Chrome/67.0.3396.87 Mobile Safari/537.36'}","Username                         abcd
Password                       abcdef
Email       afdfddsgdsgddgdg@qqqq.com
Birth                            1992
Gender                           male
State                               2
checked                            NO
Name: 0, dtype: object",Successful
2019-02-24 18:47:44,"{'Referer': 'https://yahoo.com', 'X-Forwarded-For': '47.29.76.239', 'User-Agent': 'Mozilla/5.0 (Linux; Android 7.1.1; CPH1723 Build/N6F26Q; wv) AppleWebKit/537.36 (KHTML, like Gecko) Version/4.0 Chrome/67.0.3396.87 Mobile Safari/537.36'}","Username                      defgh
Password                   wrteqteq
Email       hduash989s8a0@afffs.com
Birth                          1984
Gender                       female
State                            33
checked                         YES
Name: 1, dtype: object",Successful
2019-02-24 19:04:01,"{'X-Forwarded-For': '47.29.76.109', 'User-Agent': 'Mozilla/5.0 (Linux; Android 7.1.1; CPH1723 Build/N6F26Q; wv) AppleWebKit/537.36 (KHTML, like Gecko) Version/4.0 Chrome/67.0.3396.87 Mobile Safari/537.36'}","Username                         abcd
Password                       abcdef
Email       afdfddsgdsgddgdg@qqqq.com
Birth                            1992
Gender                           male
State                               2
checked                            NO
Name: 0, dtype: object",Successful
2019-02-24 19:04:01,"{'X-Forwarded-For': '47.29.76.239', 'User-Agent': 'Mozilla/5.0 (Linux; Android 7.1.1; CPH1723 Build/N6F26Q; wv) AppleWebKit/537.36 (KHTML, like Gecko) Version/4.0 Chrome/67.0.3396.87 Mobile Safari/537.36'}","Username                      defgh
Password                   wrteqteq
Email       hduash989s8a0@afffs.com
Birth                          1984
Gender                       female
State                            33
checked                         YES
Name: 1, dtype: object",Successful
2019-02-24 19:14:08,"{'Referer': 'https://google.com', 'X-Forwarded-For': '47.29.76.109', 'User-Agent': 'Mozilla/5.0 (Linux; Android 7.1.1; CPH1723 Build/N6F26Q; wv) AppleWebKit/537.36 (KHTML, like Gecko) Version/4.0 Chrome/67.0.3396.87 Mobile Safari/537.36'}","Username                         abcd
Password                       abcdef
Email       afdfddsgdsgddgdg@qqqq.com
Birth                            1992
Gender                           male
State                               2
checked                            NO
Name: 0, dtype: object",Successful
2019-02-24 19:14:08,"{'X-Forwarded-For': '47.29.76.239', 'User-Agent': 'Mozilla/5.0 (Linux; Android 7.1.1; CPH1723 Build/N6F26Q; wv) AppleWebKit/537.36 (KHTML, like Gecko) Version/4.0 Chrome/67.0.3396.87 Mobile Safari/537.36'}","Username                      defgh
Password                   wrteqteq
Email       hduash989s8a0@afffs.com
Birth                          1984
Gender                       female
State                            33
checked                         YES
Name: 1, dtype: object",Successful
